,depth,pressure,temperature
0,24.678410806337368,240.86108789982407,6.776650443401999
1,24.167923161104383,239.31539876270477,6.79631529328764
2,25.942527970426575,254.02421681945097,6.796095258829003
3,26.439843370446603,263.4635946154909,6.330510251863759
4,21.748120571215004,211.96724353791203,7.237140185152385
5,27.909479807378666,273.17861059025523,6.016866714798293
6,29.74465454486857,287.98331681435485,5.94069378507557
7,18.51093171418733,180.72830559016384,7.743273620443238
8,23.718091473521348,227.9169126836156,7.011828250074751
9,26.320655006132835,253.29744801637233,6.605633777763105
10,27.681848029474526,272.34143952723036,6.584295837109224
11,21.81087234029811,212.57434875015105,7.2054992770224136
12,27.892410378364673,277.7056352083751,6.433368537457322
13,24.58052880373223,238.30052773307781,6.965991449219427
14,23.879018042478826,232.476253937065,6.846934374845842
15,27.652989545553726,272.54958327197556,6.271505494984575
16,29.39522819084347,281.763416138057,5.957852842536611
17,19.448464482641587,187.52068587845457,7.779635387415327
18,26.247844111408668,256.68786223995835,6.470648340339069
19,16.949176037195958,167.25929968592882,7.955342771521265
20,24.03404911888266,234.41256086361344,7.312636123649892
21,21.283261741856972,208.45529229533733,7.303821830156723
22,22.306698915952623,220.04880826106535,6.8468734685748736
23,22.851369824188446,224.11948294707423,6.634664203682548
24,23.06031351360099,226.13273336378302,7.343599455277055
25,24.046259857003914,232.7790221923637,7.0230216562745875
26,19.199560829650295,184.81270739755874,7.780120299317804
27,24.89375929175425,239.56037308717666,6.422590932006067
28,21.73892360186076,216.48338729927266,7.281882190509121
29,10.758212785892631,106.00372315168072,10.021511436151545
30,3.815627268702613,40.323756797895214,13.313162197765045
31,2.9510213709239927,32.963980017515816,13.882825462774154
32,24.050916771528165,237.25006554251536,7.0511684033945725
33,27.953276168205505,274.07307486886157,6.224679379651006
34,26.45279130540134,262.02175716205306,6.49940564088662
35,29.334753225692033,290.9095034610643,6.138193116019353
36,32.39697517957037,316.1315527940544,5.8178416435192695
37,26.930626993732474,261.78522624962386,6.463532081753354
38,24.73506260715496,242.87386140177148,6.664686820002474
39,30.56033897199039,297.94510039780215,6.002779556317856
40,31.545118475496356,307.5920434381558,5.796265311252942
41,21.63562105476976,210.50981787363804,7.265992748693406
42,26.59431906593857,256.1627082262881,6.801703785504578
43,21.70991014628507,213.8353450399369,7.379490987497818
44,26.019907087957773,253.97013255513292,6.8211995199394115
45,28.12475025414886,274.83335318299953,6.3165563771202216
46,29.753106197517095,294.70568173702367,6.258196461866281
47,18.446079627238973,182.2663009119232,7.561275514494126
48,25.69125663742314,257.6403334949109,6.441761896965475
49,29.116708530121315,289.8792638172927,5.964120726435586
50,23.09665608939441,223.7087656517627,6.649382857897406
51,26.00137948060535,256.59743825461254,6.940110282748581
52,21.0857931603107,206.2471301249489,7.334667755685281
53,14.846025271610216,146.52079747317168,8.809198458520594
54,23.40025101549408,226.20695039754298,7.01088228827527
55,26.13569785144237,262.8473285702714,6.541915634586403
56,26.531793563055484,257.2335728273506,6.198585062010876
57,23.24241947687566,231.04306556261977,7.097730180492146
58,21.26814286183747,214.73645497987255,7.405940544247131
59,23.01050560662263,225.98014723260732,6.8368138230851105
60,26.920424068275096,260.5939252069282,6.682339415202178
61,21.79311814493875,214.42443329281932,7.148525032037818
62,21.613807131943894,214.67059975492805,7.499432291919151
63,24.388043403785623,239.02071524438276,6.737943713513773
64,24.124779728401826,242.8420940374829,7.15535436551999
65,27.93581339667275,280.3489011401404,6.499148923200163
66,25.72529540877288,250.1273809242513,6.579339438970321
67,23.11226034003863,224.9866469439641,7.158109671750276
68,28.507060705116935,280.5765926690942,6.223043906136202
69,28.44678422861931,276.8101555002287,6.129498170513078
70,28.87942202408597,282.21295997620246,6.29565716301811
71,23.03137850441776,223.21770348546283,7.2294781408987685
72,26.456969084514483,263.0817596131058,6.418602081119534
73,27.3609279192264,266.6000932710333,6.69511295700768
74,26.487204575210196,258.05532909224985,6.1267792455470715
75,28.85877809065893,280.98599976628316,6.122247832405203
76,21.106453855994456,210.96113584683107,7.802554030808894
77,26.010374194765753,256.92052752405914,6.660801905524601
78,28.024431753867155,269.3740347586499,6.0819918683837315
79,21.834059619207142,213.97193423641764,7.482119539494378
80,25.654029324819128,251.31458109934465,6.349339055100346
81,24.983012081752143,241.60127943236307,6.639434515669753
82,24.196844519758955,233.01263222601887,6.641131181641953
83,23.198288595499644,223.6425921881601,6.876205980463193
84,20.08810825818844,196.804278314671,7.527750849215249
85,22.094218122585236,216.0651821555057,7.055309266256339
86,14.592291014463637,145.33521818355885,8.324964465967858
87,25.863529636184534,251.81235890410053,6.776698652868135
88,22.125299646018387,217.6976339132521,7.1221630220742895
89,24.134424986524028,231.61541458864957,6.783229143339522
90,28.70574550731321,281.5315640709297,6.057476565139652
91,25.892171630156017,253.26904460026225,6.4515506713640525
92,21.09564160968777,207.23556724882087,7.30810781695249
93,28.96861994678609,281.9105771416134,6.063583490916407
94,22.781241385556775,218.45618707677315,7.1107729824663375
95,29.801990109705834,292.92824995291767,5.805664864862676
96,29.904475569016,292.1045017565858,6.109298472187816
97,34.1217776960066,332.8130911244932,5.577435811276265
98,25.137361760490233,241.11185211920807,6.674194004432228
99,27.31872283701531,265.2540798271049,6.198394508942678
100,26.763182013160485,266.231261492864,6.709108703114552
101,24.354492230640858,241.70038219848783,6.455056760203169
102,26.13686447062918,261.3778523998078,6.734996034417072
103,29.754323409110025,296.2710583724702,6.1913951979401025
104,23.359714335834536,229.8140420838727,7.207811743180744
105,26.027115600482364,256.13904817597563,6.524711749049185
106,26.465847770110987,261.48421509385344,6.655480256296893
107,25.849802835282283,256.52763612678,6.69680260980721
108,25.52320391367132,257.8310904221962,7.011122566785997
109,25.880966864234104,248.400354192601,6.5871743178485245
110,24.389908314114294,236.18164209157513,6.800117432464566
111,22.597407052360648,222.4607432429807,6.7190560406850475
112,31.65468727870511,306.8406239255252,6.142564851412701
113,24.358367700308477,235.82149308240716,6.939715572606864
114,19.220780470218898,189.88853795565169,7.265779036006694
115,20.92746300181593,205.37862730431706,7.564482744632823
116,23.030861757419906,226.51096001022506,7.331785794605332
117,19.656511137346694,189.72626590326078,7.271660761593573
118,19.463679014038,191.52006284792486,7.360368006361014
119,24.34966908878026,236.96797910958884,6.726830394153631
120,20.972229234039283,201.75535119092964,7.101003206436927
121,28.632455629790087,277.3781356586101,6.167919975527909
122,26.891008446086666,260.02207647189124,6.629190269406887
123,30.506704095052,298.97331402300074,6.3224622511525785
124,26.089094893588634,258.4870028020285,6.611770036702059
125,26.959376478623625,268.912644411826,6.512970467234837
126,26.428505385462017,260.1462791269644,6.8250516124426905
127,23.371591296089974,230.21491855315796,6.914495950296374
128,33.018705058185276,323.8102709115502,6.234258640122553
129,27.54759656678677,273.04712041916775,6.32710499634615
130,27.708573565308736,272.72127328829146,6.495325095884439
131,33.57036137051705,328.1626930039693,5.307751505184813
132,24.23744018687134,231.79535945101287,7.046742656980358
133,35.92323821376281,350.1134399268691,5.489584293014704
134,21.25173277226195,205.0705553327619,7.270885208517341
135,23.027982067726025,224.08866468248422,7.145881499215329
136,20.570029819126212,200.65270144101387,7.363754228636019
137,28.651646679816707,282.9797450755892,5.990712620417263
138,29.501550064888317,289.6565141946268,6.093568538288331
139,32.53884031266999,315.97958469377295,5.933545553913276
140,21.409560732732885,211.90604786543426,7.266006724971953
141,28.40956366735263,280.82131741983665,6.196429043017074
142,22.07000454781047,220.07740032268634,6.929388836380348
143,23.783072749899695,236.21939305024534,6.941833638505338
144,18.706910514651064,183.51219610839703,7.160502106828412
145,24.400674805261207,235.85538437927667,7.058457262749225
146,19.206448957528615,184.7163840101304,8.097347207837844
147,24.10447399616574,238.7009822654457,6.879336469261484
148,26.737456646618735,268.0622468619013,6.3773305560481655
149,23.35487713360805,230.4966908580066,7.092036318939383
150,16.921868404469883,165.85581665423564,7.979784992523533
151,28.51793682197251,286.45471992657224,5.9919236665586455
152,24.286408342999625,235.70973636857167,6.694132484523557
153,25.74505368080795,250.32679545004146,6.638289641320906
154,23.55816384367346,230.9976984457727,6.698172999383012
155,24.04291878486586,232.30789841300592,6.792153566359331
156,27.374065964013706,267.69550190162727,6.281570052827244
157,22.894168650508828,225.91283524728595,6.894955342989887
158,25.279375265945916,246.305876338628,6.558549087274906
159,27.414144698686066,268.3776637214519,6.179181721387009
160,30.571194844583847,304.2788370942119,6.2499984700354965
161,23.466841312754248,231.58946548298223,7.140443089930239
162,27.97920786839382,271.2405620311754,6.4247705805777455
163,28.124215507047303,272.02981775059595,6.333549987120773
164,34.966861750185544,339.8861301259473,5.723821441875787
165,32.32054650164799,319.35032400106365,5.517470163755473
166,31.83325869150616,310.88327791691864,6.121235593847347
167,24.914041375008665,247.58049372917435,6.639990903017784
168,30.99450532721226,301.68712774944044,5.802354518785156
169,26.343334757069915,263.58134001504004,6.734719059500867
170,25.965018410773432,254.84844027854314,6.630302087403068
171,25.003106329544945,250.32326871422524,6.848228611572805
172,21.212883422626117,207.80467557083526,7.451882101907594
173,24.638598016008057,244.9355731109449,7.039974121357558
174,23.511265881759787,235.4050770371002,6.90122837236871
175,20.328475096129566,199.23972338069387,7.309767130897182
176,28.31177234199213,282.2483244437741,6.055404547179109
177,24.140744108031097,234.62804397959647,7.191049323547929
178,22.27033205186478,217.3501137372864,6.896178814715493
179,19.80499958615316,197.53640557738115,7.481616744101214
180,16.5411025881274,167.95613253605268,8.087845155456941
181,22.94321004934074,223.3223519688588,7.063008340683679
182,20.948996773646094,202.90175482599975,7.033621204330905
183,24.890326613726018,243.22830871210502,6.641865147995516
184,27.880045284545975,272.5852940058296,6.47112059403635
185,26.637904301592105,260.6145229824249,6.470386218289462
186,26.651281598296798,263.52668421995895,6.5339127264793335
187,30.03709250337933,298.3214269563873,5.909334034472117
188,26.217896445174684,257.00387332378796,6.474275955849573
189,26.827287505053974,268.30226372688986,6.785929468922843
190,28.036280505199695,273.27418844591773,6.2177190215685085
191,29.211998773350004,284.62370148791916,6.412778857562658
192,24.332000503147533,238.09577329605668,7.112072073378419
193,25.24123572913715,244.86774514999829,6.731442373890952
194,25.772733191128985,255.65465715158803,6.725992994052214
195,24.205469020390225,236.76909434344913,6.787113456470494
196,27.923433634082475,274.2695913045241,6.7106433256762745
197,5.21671181003067,52.17590115091518,12.053750930251422
198,3.541528071084226,30.22978728045859,13.604496278998196
199,9.992189350037155,103.57753744692423,9.964895558410928
200,22.85830122680617,224.04991677727637,7.180421768188783
201,28.590298582864026,281.7760206652282,6.179814792084317
202,25.77418530607156,255.72182696430775,6.754671132725849
203,20.546851134038192,205.29699536977753,7.155538901633437
204,23.072750269838306,228.0008104574376,6.717379095659531
205,28.787269445552575,284.14049914508166,6.110328168762119
206,24.93541417844869,248.62883993668137,6.98481844340347
207,20.65240569078903,201.14083055037904,7.3024372633660795
208,20.82256048603894,205.48550268039827,7.45326555388738
209,23.072401258981404,230.05310202270988,7.098346971432039
210,20.36208047790019,193.86321785135428,7.241227013456125
211,26.549814175491427,256.9667180252664,6.435303809578462
212,25.956848197791984,253.0528926930597,6.549255170641749
213,22.68015752866138,228.4269216286034,7.0044422653638865
214,18.741153269720243,184.5226376683291,7.659350923623587
215,26.41845883563227,261.7238522806631,6.270617589240054
216,23.591539088176884,236.6013490462836,6.5075980826097295
217,22.14423681705862,221.50578547397308,6.706243631555111
218,33.482888923504866,334.8117369138485,5.456502587387234
219,21.013249023678053,204.24750710383026,6.901692466411296
220,25.320563596986545,247.02907932066017,6.391162585763218
221,23.551209370065788,232.4391137828664,6.863941513417654
222,27.07601261691403,264.30497588502794,6.437022057515011
223,22.960146600670694,218.73225208885458,7.224731324441143
224,30.1622693629485,299.0729618736776,6.137178897902891
225,19.428847477514285,194.21034189538025,7.349902677084813
226,27.7560050588899,269.9835931027175,6.184787381524853
227,22.831670671828,226.87055880245833,6.694515038809812
228,31.737329220790237,311.51286462956443,5.830937128650268
229,24.98005538036049,247.37447333790465,6.861428563990387
230,24.90372169652629,240.08748244228337,6.984953548207391
231,29.509917463979257,290.6995021577603,6.263547253358498
232,31.182094043153967,306.3092076083637,5.641890152817953
233,22.76536725033834,229.36870815121796,6.953975769995904
234,28.63352626528703,279.0638163844672,6.367280703310015
235,27.953596715050793,272.5341621427074,6.482949092898689
236,22.63984223171012,226.26180243137668,6.733157118911312
237,23.41557932580821,231.69703166874902,7.0613590687231325
238,26.251065213882164,257.14301724035056,6.737754030407586
239,20.02242390650027,192.1676469022795,7.570406424549105
240,19.06385490941575,189.37734961663472,7.672471884743944
241,21.665420234824214,212.15445043893163,7.363661542020646
242,20.66445801672987,198.4360662476097,7.571290827320139
243,25.22293112525937,247.44423835057162,6.646053332061243
244,23.78860497700006,237.24712149979754,6.660987766587315
245,25.396872838422755,250.22141480481488,7.052708662903144
246,22.203901497891902,220.0328247879703,7.00817639176731
247,20.212697412531035,197.93946113700844,7.675579346431271
248,29.931600652036845,287.83608833180745,6.055876585502043
249,23.983562793568815,232.90587163071982,6.886754751025778
250,20.49198041797972,203.4954202841378,7.080960307170721
251,24.42348133680791,241.11613487049183,6.77614130201812
252,24.595885981316723,243.12449304904015,7.009997811432547
253,23.786677060610753,234.35919362908547,6.835224044051947
254,29.12633767936697,287.506694009574,6.124056205079119
255,29.85320201824888,294.15827545427516,6.321847588285283
256,25.992925215851788,259.31459609328516,6.472584884026441
257,20.792026810516468,205.91761454078033,7.438328234130406
258,25.47059318563524,253.72413859896415,6.776165731142851
259,26.639388164607183,262.2403245181182,6.821449879354486
260,30.96643875217979,310.140173276975,6.08688301645638
261,26.08143593353117,260.6953725106287,6.568723765078937
262,28.699668167289545,283.3817473495154,6.238507204160685
263,29.337282936975335,291.18943558904067,6.403786218133789
264,31.389507664071612,300.0479982834872,6.010270460073029
265,29.196497988680516,287.5711864581586,6.140771698312692
266,26.577278925550612,261.8151420531179,6.353993543626889
267,24.396775751725862,242.9081197019229,6.7493866674463545
268,26.72120147825491,260.144706338444,6.399898089218496
269,25.173154794141308,247.57984732001594,6.610136451373097
270,24.270298784139182,244.6685804582108,6.738816746516105
271,23.897631231246407,243.53727934506415,6.854891538824931
272,19.820012802983904,196.08349983650564,7.366948779742426
273,22.05398462510934,214.71050864196653,7.187082579362953
274,26.190540690149106,252.1806885871776,6.680497366428809
275,25.51793035107218,249.61589431145532,6.6710932324641785
276,25.899886952493645,258.01451109522446,6.550092320919621
277,22.028527855507043,208.2757342711131,7.343055656248836
278,24.276008359794265,233.5991629876084,6.893954246893297
279,25.301764959124654,248.81420653122234,6.442446085405867
280,26.88796060245945,260.9610377969723,6.249749433628097
281,19.09589960414114,187.45113447268318,7.340361713453226
282,19.536249022535905,193.98750767573063,7.68412226948954
283,26.753247606200993,262.55817210941456,6.374988065419809
284,25.20209987849254,247.9823528673116,7.033713630788343
285,33.74929941675948,333.1153349572277,5.888515019246489
286,30.33526954197478,302.36276957908024,6.169794780152148
287,19.750040696374626,193.74602702073994,8.077859938499591
288,32.210276832692195,316.2965071438584,5.763653182727025
289,28.338008524314642,274.6031153624337,6.26307247794752
290,21.276358619571862,213.45544679355135,7.177425627775444
291,22.335516354190414,220.54578380146535,7.1272064514238185
292,25.014656942607687,249.83045557561445,6.520105209615227
293,25.681071719461777,249.2724942924153,6.540793147225611
294,25.061644651596872,246.18666043031885,6.696535041486964
295,22.101519964355468,218.883911110831,7.222947295789077
296,21.18125838218313,206.09930015692612,7.0823966150589985
297,25.4103621086061,250.7765839683015,6.578034001495351
298,23.830333353795506,233.7869600525699,6.590371578975064
299,26.58241564955949,263.09286586189893,6.696837302594549
300,23.639042085637772,233.10690102529244,6.881545568699759
301,26.35132445188156,262.90043675163946,6.62941714311528
302,23.570029450372843,231.6046258697772,6.589684878899869
303,22.31765230305986,216.73026908613872,7.348686362014444
304,26.362831941538612,257.07725906098887,6.285630739770412
305,20.820040327720974,202.73842589315538,7.288031425907433
306,20.77820818065556,205.77201258265177,7.033811526482458
307,27.048414476499662,264.47034996733305,6.539647410965132
308,22.405022995569457,213.7061107062433,7.216267896524384
309,21.7979211588385,214.01069221642038,7.007654607442411
310,23.853196966847847,235.73676136753906,6.7957646704990475
311,23.10979179547598,226.77125014382696,7.305307874551866
312,22.96745213012069,224.93382581416975,6.870667609752446
313,24.60224324345196,245.54602508361424,6.730585436336827
314,26.598201716676353,260.0770175254656,6.573896151131897
315,25.054331625385213,247.19278120336062,6.806118697838844
316,26.20558272422684,260.4809158266187,6.564506746011452
317,27.760103103422196,268.79856201011637,6.105770234862178
318,28.973825616715256,285.9353344101928,6.295668835531052
319,19.734076384030335,193.78366549978915,7.276311558499884
320,31.53824992008917,315.1863204054724,6.0575664836757666
321,26.312981751105553,262.3162731591592,6.547507166338107
322,27.45701157786311,268.22951447259277,6.205005538700293
323,32.984955435412296,327.04609151814054,5.539392021803181
324,27.30532096285922,266.6850932108791,6.383207524726598
325,25.32925277809344,243.79037319130796,6.671547492526604
326,27.048436810775602,263.1335342291513,6.536218570478616
327,35.46952051502757,353.6826703678079,5.403682671191326
328,22.66236049918495,225.39682251569874,7.1778789634693565
329,30.121684675181225,293.9031341553108,5.75205092924985
330,28.586980776297576,279.30285437786347,6.088613227458623
331,20.51308720691145,204.39924372167658,7.940325490195351
332,25.35794258628829,250.27219430678446,6.541587753799232
333,26.814729261406328,260.60237227656063,6.689300083176648
334,26.659276695715405,261.5076245130189,6.462289443211605
335,20.030076458727862,193.36373908548745,7.234783025455814
336,18.909916983300533,181.78805587879523,7.886184548792124
337,24.20297141295637,243.7006010955022,6.843662171000101
338,23.591729939592273,229.17736269169785,6.832145644054584
339,25.437780763178974,250.06380874277704,6.463430289010821
340,22.46652899302965,225.9592676847936,7.125586764962466
341,20.28390484543773,200.00187287114966,7.209890068416495
342,23.97584870478952,237.16511165174396,6.689395766226917
343,29.681852939704,294.5605410292018,6.195743936909038
344,21.503133247105023,214.39724733299025,7.006710018571052
345,26.74586912770746,266.03974916984293,6.3220778890272635
346,29.028323290054274,285.06428242000493,6.050952290947558
347,28.964772771954262,282.5938236244787,6.321844722678815
348,23.244814167384234,224.88214782026873,6.987452511155759
349,19.630838721788525,188.46343885329344,7.683623164543546
350,28.86131374181507,286.06850718716663,5.844138601858313
351,26.8872553820627,262.79461024687663,6.458731199652643
352,24.784055336828295,243.08371937697493,6.5059972776332415
353,27.87570524216047,274.91263398039314,6.454781461504591
354,28.40977315848965,280.04829146007324,6.19121134279014
355,30.16971726894209,292.98519619631605,6.258955306071518
356,24.98660136566638,246.58445057464317,6.987817613570545
357,21.446083497439183,206.585699902531,7.061042610661909
358,22.871081600657625,228.3452637991162,7.398756142206842
359,26.952402181222727,261.38106098394354,6.813429677691833
360,18.95199130580425,184.81450544100656,7.320729655327215
361,21.190197146768842,210.08369086010597,7.312677356334118
362,25.19691612386262,245.94872365481444,6.733789170874577
363,25.844832303288644,256.3568164450045,6.478661599973259
364,29.417138258986718,286.28700354580764,6.307927331007775
365,2.8731977086815377,24.185015753897424,14.46283538807613
366,3.227883508047867,32.99490509131398,13.794769483014402
367,3.676798924382826,35.7335300196612,13.361225108203161
368,25.821535407765328,252.174674753306,6.646923084811314
369,28.292479425408104,276.737267370266,6.330113818883472
370,18.929191535981243,180.29906849899746,7.443724716111122
371,25.71386860595749,257.55548858387715,6.792614721880098
372,26.501430084521612,261.23398575652135,6.315516995059957
373,27.428450234695184,270.65955203069103,6.4400421588603605
374,23.834495763059223,229.01445575882047,6.733056152163077
375,26.40121615455201,257.68072404394707,6.536339075272606
376,22.89447709357569,222.89421562907805,7.058048688449573
377,23.206837064250877,222.50794372860727,7.103669707057308
378,23.853802742612185,232.75764862608986,7.090798198209968
379,26.660522099954328,262.62552624630655,6.606222160834588
380,22.485913455495293,220.8266905858601,6.990245633587868
381,25.409557880239817,249.30108804556158,6.902145074423615
382,31.31667094412102,306.53278542863427,5.8494854957663005
383,23.594380796824808,230.87658178474618,6.771827421004503
384,25.619902508093123,252.22975480378625,6.345911783305908
385,20.141405576477556,197.3226403493637,7.152847417201071
386,22.427088431873017,224.67407861682608,7.036388759453603
387,28.639976602478992,281.2525980391204,6.105288353992745
388,25.38924429592836,250.77651310932015,6.845406737425779
389,26.007781136684596,253.76601921963692,6.610656071829117
390,28.901048899189874,280.78666847083423,6.214656430779452
391,28.5143842493898,280.64229922736615,5.941116027759872
392,27.533779534549755,268.4791679215322,6.294507107208354
393,25.55008491335593,246.82430644780723,6.420819704813708
394,26.196674815635724,254.2219984874186,6.531960903618436
395,27.551405639731815,267.9691626355897,6.460574418637598
396,23.01667419738233,224.82108706608145,6.957161258973006
397,27.552910260883543,268.7289285368407,6.291935260351615
398,21.77534498570187,213.53861396057917,7.1046666918354875
399,22.751225521025,227.93122734091884,7.125793827620165
400,17.059892148539063,167.46786165204844,8.18011664843667
401,18.965869747178846,184.42102196381242,7.888853449007356
402,26.151253834656156,254.54378311996774,6.645261734246292
403,21.557012120980314,213.57835415793434,7.360102188489612
404,22.507995255425126,227.2205476839869,7.000037019408485
405,20.584186117943062,205.7553945031687,7.542446684081189
406,25.05315055102598,246.33317859642784,6.5924224501909
407,24.493113207081922,234.13797982213578,6.9366794426550245
408,23.011878316519105,225.19635063187863,7.16622822824171
409,25.056463101131275,243.9003946460217,6.481434238773026
410,24.97624551224336,237.85390315541946,7.002393794830257
411,25.4723732609876,250.68857399189812,6.970746349148366
412,19.217804241012978,192.88827296355942,7.655902585558952
413,22.950450370800866,223.53048704219535,7.085065064488422
414,25.344271833995517,248.52093149922612,6.570616934625344
415,27.01214329058527,262.9214709159733,6.834514897060979
416,24.459280482409405,240.38435199521672,7.160227144817702
417,25.310493996552754,246.06469732444276,6.423212967856107
418,27.956526437872114,276.71386502191416,6.544126940335623
419,30.17309643628785,294.0524702651617,5.830146875789663
420,25.483959656168455,253.86847978875753,6.813984503693361
421,25.23264589395053,244.13016082675475,7.1684670736503575
422,31.73888231311915,315.6429025869427,5.93386560923373
423,23.49683853696455,231.03730250358572,6.710130787213147
424,22.339131414587136,220.04818968755694,7.357306263607743
425,26.63023182703863,264.2064851412758,6.734914476588927
426,28.302700319618275,277.63045164524056,6.480600867494483
427,27.47092641563185,265.8539979380913,6.158097227296459
428,26.578889649600328,253.80535250380396,6.714526097715625
429,18.810900250802977,185.51602321570246,7.779811577350706
430,25.19162066437448,245.9978636179888,6.551287889714417
431,25.210934116640495,250.74284557890834,6.8235730981454115
432,24.689427551742597,237.98730646180388,6.764006703535277
433,17.40210034541738,175.26159835454067,8.141243669637433
434,20.05547997389882,199.73048177500684,7.134936986086045
435,22.40102740947883,219.75648821170168,7.122264372486535
436,27.60651974467618,271.5931496777601,6.2761968990259
437,24.038617360858133,235.08144564516564,6.881400223817168
438,17.970607803034362,176.4750564932159,7.9381978580464345
439,28.182605744133582,279.1245390073466,6.322846819460354
440,20.62965249387299,198.56050109312534,7.4946409921761115
441,26.3279203924275,261.2730619042957,6.96375486310991
442,24.080193672472074,235.21989433871948,6.96519032421856
443,24.50680198022109,241.9441041461866,6.691316291796593
444,26.931784485958694,263.1105282345278,6.419718394803446
445,25.390180343927668,241.4097955339521,6.833819401687884
446,23.53615983072593,230.97760858369497,7.094804489230469
447,27.12019722201933,263.093319859944,6.5546889706581375
448,23.30325226814268,229.40574813314373,6.985106299457755
449,30.631024418079942,299.6427263632301,5.8472496710550255
450,28.216902151417198,279.0848926912116,6.042543622208064
451,27.483731442299266,272.84971914050163,6.594524137380372
452,29.17344408955971,289.152089921349,6.171806243215977
453,29.703267275888678,289.74093655026155,6.489310438282962
454,29.134786257565263,283.07928005171215,6.137646432136694
455,29.907305482945315,289.627973468912,6.049244905599181
456,25.85720498381696,251.3382602372615,6.730957885882321
457,29.52614671649818,294.33928352938904,5.756977221062299
458,21.58878055123919,213.2758369426419,7.531534071107229
459,25.7606572009748,251.55616560324577,6.509092047467982
460,22.314588484859765,216.97325719987833,7.118648326708469
461,24.166958793175738,235.22816573991088,6.595899598161985
462,26.087673112439106,256.92093919650216,6.601090274132349
463,23.588685134076794,230.91391026568652,6.975363643636543
464,25.529821566599136,250.69629064816652,7.068358906836723
465,25.816110026417338,250.8432956781446,6.725711051338508
466,25.451920013715423,246.06432103118965,6.346679650287134
467,25.49634942204942,246.71298937645602,6.938972835391238
468,25.32171977691485,248.2394160844079,7.073450109686431
469,24.030552142240403,235.02253352766292,6.790268259468174
470,21.164017500309477,203.40070091651123,7.521947154996877
471,29.89526106628924,294.1520639037116,6.117880664287051
472,27.340236844858936,270.76962687878586,6.361162630868253
473,30.974053795281826,302.84200437498674,6.112739362767716
474,22.603306309619946,224.05383439054557,6.6830842530717485
475,21.22007370940045,206.97499237995729,7.431366510391999
476,28.82312372131378,281.0945727735437,6.334275252280035
477,25.380294007779632,253.7285929626887,6.820412508783289
478,27.503565184792187,276.04424455379177,6.467532181753365
479,30.28625875252029,296.2826822163555,6.510531646524455
480,26.982352674803764,266.2890592154119,6.464723707334231
481,24.631856625150448,240.91159236934166,6.91091461995222
482,21.619282260659247,207.7691671965953,7.44420187300328
483,28.855657329822243,288.4028302492204,6.618174187948318
484,27.019669311340863,267.25550825244545,6.556631243225009
485,23.39898713863001,228.58598136224595,6.716608535434589
486,22.348236559259334,220.6671968325915,7.161878313895038
487,26.37416040584465,262.65781520020045,6.246500256490452
488,22.855298396335325,216.9767053582851,6.932850816289632
489,21.449768388684436,207.97208236190002,7.078549416393592
490,18.827004927665158,183.63114945073784,7.30220926383307
491,22.004635959200034,219.5729085015758,7.33442231927269
492,25.02548772003318,249.04291422104296,6.483378918957787
493,26.457287722841247,262.4028306457628,6.506359104267316
494,22.45113248102838,221.2380291573938,6.877684977853637
495,25.369472907998578,254.9741067371156,6.7512468515660045
496,22.441711078143683,223.97967563265573,6.882133267333417
497,27.124862413711853,275.19072785639526,6.300969529661886
498,21.751285080339844,213.26407333729773,7.584580529814128
499,24.580321205594693,242.8806301791011,6.608870555558655
500,21.161175964117124,210.1217761656901,7.523649959916908
501,20.932358361163484,203.8996786045049,7.469124317345533
502,24.41035446730819,243.40822904479904,6.860014880619634
503,28.185327441796986,279.6005359780456,6.1931166962037425
504,18.75832508205159,182.26574344625217,8.149217070146614
505,28.49147624700905,278.0862740991657,6.669175425102795
506,23.018802789854824,224.28703906837796,7.139772529601439
507,28.143491289376396,280.50572192216384,6.3014937104472715
508,30.47778003177712,306.4947974451834,6.191363904445741
509,30.374006507696638,299.74100035991285,6.135274247593143
510,26.58826070372635,253.26567414421973,6.450993448614235
511,23.27925978858925,225.00118452270868,6.776633026432623
512,28.777379724314233,283.6748049502754,6.831861684682117
513,30.38626400703478,298.9903340958038,5.918923804684602
514,23.385773972024563,230.5073188758896,7.061014325778813
515,22.85517897663485,229.7763517159786,7.144217874681836
516,28.46121443245139,279.4835145869828,6.167553853924036
517,21.409788955323503,208.59175176450154,7.348631240298988
518,23.78197748417116,236.8154587924353,7.1058967330551415
519,28.15422377424722,276.3693127101681,6.221419242070749
520,22.047161109619186,217.9693487895734,7.116358562435611
521,23.2987332648655,234.20990589315275,6.872164330507196
522,23.49984941038937,231.73537395133442,6.899568374669868
523,22.085399684370326,216.1070819851774,7.201391355760103
524,19.964588746028245,200.0762117189973,7.421976252090713
525,19.569630026234908,190.97409698479672,7.558404342653782
526,23.964823441387722,234.76185558959827,7.1480009353850225
527,18.611399169506274,182.23294171562338,7.76964431477209
528,21.52576383215243,212.43084739683306,7.765622006589792
529,22.671955007631468,223.47100151653132,7.100248044022142
530,21.45338792193388,211.18955522007792,7.126933601699091
531,24.940432173288894,241.40681244373633,6.816965950229852
532,31.201456227056905,303.2273625272811,5.8718299878274545
533,0.0,1.9153636156438631,15.252258536199438
534,2.04795484396983,14.750542405030918,14.787795594158316
535,3.9882390922843562,37.331143888523954,13.166606920860342
536,28.871094245750495,284.4782046685697,5.973723841352697
537,30.915965043662254,300.0388691445031,6.009706726704777
538,27.118909805153002,262.8854090342916,6.805905314682954
539,23.13814112029173,226.32941499637582,6.59889557021782
540,25.11184007790857,247.2691371890857,6.652975416727515
541,27.565719698260125,267.39125192855886,6.510847664300697
542,28.853872830306493,278.6903587398675,6.335816263125716
543,25.460402116256226,254.62863685269573,6.590641920294029
544,24.116584091203052,237.73004181396817,6.825200947992991
545,23.94723148127885,234.1026059586234,6.706227451927158
546,26.584700273533954,260.4129037836364,6.798723847192229
547,24.218655531404742,239.07027412170822,6.771033418350105
548,17.800655705929742,179.78530248275453,8.066954929204503
549,25.191703359703162,248.47580468316374,6.418641866737215
550,25.552821905522524,247.46698044863246,6.701240187507242
551,26.186526337390458,258.5698007340606,6.736374665431696
552,22.729165656563612,222.65887470536364,6.808716311940705
553,22.836712969649223,220.46221174026698,7.105217615708902
554,19.272180979489455,185.37504080061436,7.627051310321443
555,22.36515579118339,216.06383182977572,7.098949668740444
556,22.825349342872116,226.42746179122813,7.218460499124561
557,22.462714270226336,221.7160140679806,6.7990818082639075
558,22.2663693714327,216.32220513537206,7.218023196752682
559,27.741495194972188,274.27950889571,6.270471299857475
560,20.703194810333176,206.42040431957275,7.507640821460376
561,21.378021344241816,205.7848045671476,6.8512889828383505
562,27.169568617437342,264.6205136266777,6.268168247885384
563,22.018708202585554,216.92005071447906,7.180805812698095
564,17.559951890805003,169.71202329342898,7.937609973353607
565,25.91592989019679,253.33020094683852,6.641353183736702
566,24.727718173335116,245.56377943675176,6.664620726920829
567,22.801391019302656,227.0093132327445,7.418614740860843
568,23.565197847079304,233.10254884496595,6.92198281484767
569,30.18858603831957,301.4374552576676,5.979385837500927
570,22.464356007911494,222.44479821661938,7.362317946466208
571,21.599300850582054,210.7018757836908,7.484813562876811
572,31.337866494487997,308.827985216326,5.858134636935238
573,25.056829433496354,244.8841983647697,6.578486244305395
574,28.94155559582523,286.1257282747309,5.959717783174448
575,27.250293934915007,264.8145307688808,6.463239274800599
576,31.369977130823308,311.1486502921214,5.598883598761228
577,22.96366063162967,223.8988825024738,7.1301803944178666
578,27.28762277933714,266.504092067547,6.433318031295975
579,26.722732879961722,261.52715105836944,6.2547277791292695
580,25.854194850376313,249.45423101206057,6.71491335425771
581,22.57360732263927,218.99940341964484,7.209471057740049
582,23.8611900435362,238.95672520390445,6.523573836557707
583,26.58685506804112,257.72199086957204,6.7251350082430195
584,21.39318713486219,210.41734364082163,6.971093291760206
585,26.262712154936562,257.6343844393211,6.289476085064846
586,18.972942400567415,185.96105911794407,7.721461179085434
587,19.540204466832492,192.01353150083884,7.560254451395843
588,22.97156810164816,220.40931518394504,6.952873979181738
589,20.097545642402036,200.1528982581527,7.368475214314573
590,21.46177631271256,208.78764160810786,7.277881380975942
591,21.906829286463964,215.85502708571093,7.409404258090552
592,24.005676059498196,238.7631931493582,6.8906352719028
593,19.77183683069623,191.8261715158489,7.193923149657512
594,24.47975854356943,237.37290116347856,6.845116275882119
595,32.26131595172684,314.6674107512824,5.6865614476792805
596,27.252439999638618,267.9509289702718,6.116538760755699
597,28.377864028612187,276.0833194525987,6.235143383957692
598,25.038439748929324,248.83591946018768,6.690339187920644
599,21.351372269629923,213.66671416619508,7.387788681857046
600,27.237871410487347,264.51786434122954,6.388380788629846
601,33.83999577427088,329.64825203526044,5.36715150373339
602,29.339087941226026,286.36008274621247,5.898472901538113
603,32.28691959910806,321.1738302656995,5.799121813913793
604,25.13760050730968,245.3615957683869,6.464461020359249
605,26.256525423346318,254.75906663414966,6.70169939693498
606,30.814616650347602,301.5010024928553,5.768717395391255
607,28.283009116874343,273.8791717872214,6.702742698030602
608,31.20945209609154,299.19049452537473,5.841514865940937
609,28.828965044321418,284.38830589951846,6.353111084148795
610,21.727729979776502,211.04576555993583,7.192526259910389
611,24.007963523668263,235.87927162954446,6.788278185796624
612,24.033246056682803,230.26453296613738,6.662776484879363
613,21.619931400507642,212.44587699524692,7.056845887709317
614,19.330497771395628,192.98562418242346,7.7023762675555165
615,26.140051219692857,258.0605721787853,6.601596132352868
616,21.86911203075512,214.8547391423238,7.257483967482339
617,24.381666984241868,241.8679899935453,6.792448999113087
618,24.74075110364411,236.87828077377426,6.785920718753308
619,25.17581294062311,241.73422320978653,6.8983821602132185
620,24.710710375811704,241.4834026727728,6.660426337362499
621,23.459045894300107,233.91504253458956,7.204424991564281
622,20.54793732831326,202.5901082190282,7.631048851211451
623,28.541221752773165,282.61798477767627,6.560556042967199
624,27.35888098788641,263.47540063182254,6.524488844479848
625,23.00724293037334,224.82636886130965,7.036969805970907
626,21.11785114189792,209.0662106057804,7.459102644825189
627,23.575955547387238,228.523466307832,6.907060534758819
628,23.331511079416618,230.90478580253782,7.245619278390564
629,25.351394570812843,247.26640018479367,6.45931333985194
630,22.421850847856255,215.70815976873567,6.864152005037016
631,34.176636307800194,335.3354094864263,5.496916684797357
632,31.342941124138846,307.48395244451336,5.953254880397367
633,26.124288772732772,259.1474868488907,6.371196415476917
634,24.647504929114813,246.50727219553167,6.98112061123994
635,28.12021890063496,276.9342781278626,6.234661004262004
636,25.439758849467342,247.27686079264598,6.474322549229924
637,27.39480360350454,268.04087383015514,6.58103138379326
638,24.624709155272566,241.93866945094808,6.654102869530564
639,23.53151170288877,234.9063840312744,6.802760013198743
640,19.08942933885407,192.2634949057698,7.467343721919449
641,23.2872777661141,227.12141240957814,6.832019738492858
642,24.401834161420574,241.11567011154114,7.178289913370636
643,28.39495140753234,274.52914802915177,6.451312048616964
644,25.78629938942121,253.62396454370767,6.648177110423585
645,25.4243209970367,250.7952611046138,6.630708625917158
646,28.03680007275682,276.563488650154,6.352205745309133
647,17.38441649093293,170.85864430070401,7.989438130446935
648,19.376721643105398,188.91527588008168,7.6609319726686245
649,23.361155559912312,230.38063877934286,6.971459182436547
650,23.892382478156964,238.1950060610119,6.934050610669206
651,23.731562647690986,229.07089006926705,6.910917999342182
652,23.34184777476575,227.52248832032546,6.925527296481312
653,19.658368538452336,192.3760949446369,7.459703093466017
654,23.408594714914926,230.66834879289573,7.025177857578221
655,20.340799162477932,200.4169506631106,7.213417738535635
656,27.722574022408264,269.1523601754499,6.261126159749137
657,22.052025199825295,214.7605689460483,7.074172200219695
658,23.056026101930865,230.1100403846037,7.078155006666227
659,21.46601206389228,212.68708673307364,7.114315496250726
660,29.287362271374857,284.07723349541124,6.196940596073991
661,23.236541747957425,227.3790371968614,6.766516608567605
662,31.477888428257117,308.98755041398505,5.960071293593575
663,24.79453452025949,238.04716206193083,6.561463077360442
664,25.692288809669527,251.07279847497472,6.464122557658545
665,27.412192849784443,266.92083273852427,6.418148462523267
666,28.578268457111072,276.14478456175055,6.137411784325606
667,27.00720602937204,263.67036547166924,6.739118288827787
668,26.045766764122792,258.03101458583274,6.303219603470212
669,25.102118445848554,244.5982865966214,7.081608942966062
670,23.211680057454693,229.00757882544036,6.763047275873965
671,30.71393796942856,300.1195405989617,5.7978553957662635
672,24.522156668829023,237.12331768690794,7.209214310622114
673,22.613915475996276,220.3698614287603,7.179340481716616
674,30.282390103991627,295.5950761836016,5.9766925829692115
675,23.60668608652897,234.46607376760025,7.286100106598091
676,21.30403282870936,211.99154474549317,7.300918727034351
677,19.577919795055692,194.08657635818125,7.539842063970594
678,18.964854176323716,189.6559875182113,7.979247987327117
679,25.103391822100342,248.12465053052674,6.909031162604897
680,22.849861439807423,224.029746649996,6.969525461470349
681,20.935853360203136,205.7971492873772,7.322617564338511
682,22.57286145443318,218.8863979271001,7.171736890960671
683,24.33686275358981,237.7761266013294,6.479019141076788
684,24.830630909786898,246.1265706144673,6.815335532955501
685,26.456217102422094,250.74921841191832,6.5572364196876185
686,26.570405614117114,261.4137188770348,6.310196470683092
687,29.565787832662302,289.74192644762746,6.307028734707734
688,24.909788853338345,250.7695078248904,6.51638676905975
689,21.978251582652767,217.34540001144177,7.011036355551517
690,31.006500527107754,303.3521009948279,6.087437343957736
691,23.73835311015651,233.22156243286648,6.991212691076003
692,20.289188221214857,202.3633957706468,7.724383340245941
693,27.95669271916874,277.1675419303836,6.744321104743774
694,25.9236011078969,250.03222666607275,6.719607080369519
695,26.845809222956778,261.7966580903551,6.0462341466451175
696,26.663109193189534,263.08457201948977,6.45742575218403
697,21.453203534296208,218.61925746117677,7.502226633189265
698,32.81639692906121,322.70826796816687,5.722563719746701
699,21.788601442231315,213.62392908509685,7.1560253905581215
700,30.756211891259415,303.8959106381412,6.187802043339623
701,6.811290990335166,65.30433294532374,11.226137878281861
702,7.131559792459004,71.32504973943614,11.113239006358848
703,0.9614950395617043,17.560484067452144,14.925196663024883
704,27.99465759920269,275.8663907442974,6.168668522549856
705,24.799585387145594,243.90879384404505,7.039585025662773
706,25.10500403331296,247.48645279014397,6.946068190890189
707,25.05451981703215,244.15981396402725,6.386540227915119
708,30.630856435191156,301.4803588176896,5.756409719612343
709,26.72546068269726,260.49784880345044,6.354671486284966
710,22.407807563145873,216.2741884166089,6.897910931854315
711,22.5487261538589,222.11621506138863,7.21729517602544
712,23.693646580935805,235.05272638456296,7.240802485828855
713,27.803110480615032,273.7981786846358,6.3672722409190605
714,23.445038586775514,231.5709827665046,6.894782826451876
715,20.34735551676183,200.15756320921489,7.610620708894595
716,19.569731692771043,186.0546293632715,7.458110930706586
717,23.97689174955389,233.0167177949271,7.037121681909952
718,26.81503875176596,260.43866011954674,6.764315158936455
719,25.186801761415378,249.08929090635155,6.41230462028215
720,26.20240967582671,262.9190762207442,6.555900572846247
721,23.717517870771175,241.60984560910907,6.7732294734458875
722,19.61006782140063,194.03840213850853,7.938901889770062
723,30.98853342520398,301.35238991752215,5.8580456885428145
724,25.89598034061452,252.27393953759923,6.550572873282107
725,18.724142086749566,185.962506526591,7.601784778482315
726,29.188953000815243,285.1343723986821,5.926853013527811
727,25.431377955788616,246.45528940847444,6.998605785611097
728,20.498418296956885,202.34245136278997,7.393212531602897
729,29.737362746301145,289.50174620405306,5.951876066311662
730,31.84229078819609,317.5852400849319,5.641868060250978
731,31.17433142199998,306.7788266246572,6.39949803648954
732,33.32900919792803,324.68052871186745,5.905910468065027
733,23.488171492743344,225.49274617074246,6.875840358253409
734,32.00107818730805,311.6309411741084,5.919465568775934
735,30.857484640327932,308.53193898469794,5.979582353373046
736,21.483176721113487,201.78192175247338,6.891029122982898
737,24.111706718067612,234.12185647993795,6.578123554666076
738,25.839612028805618,255.69603207833285,6.620628271061563
739,24.04823262011759,237.28045266166194,6.798525056607616
740,20.42506120687963,202.788127337627,7.276145528692025
741,22.877662345441912,227.52227779788814,6.927457873205169
742,24.54848715788048,239.74868607082283,6.816721902318893
743,31.0079441643626,309.1385882748407,5.763340523206895
744,21.099989656504043,203.89355507206676,7.182474236128058
745,25.15146581786476,242.42293651324502,6.575861222704893
746,20.618346568667466,203.08894621456471,7.392547898764166
747,26.20315363056649,256.733301911566,6.535369786378425
748,23.569205274110832,232.99613837395637,6.914031888005148
749,27.757824086049457,268.53223461266055,6.600487312449647
750,28.732819184965017,282.6869724790852,6.490112114987367
751,18.073481622807176,176.81824832699624,7.86886476324288
752,18.34632298065584,183.33695341676048,7.889595281181985
753,30.96567427038345,302.66988413401646,5.848231195976964
754,17.74711567349929,174.18703005963852,7.6368803419988245
755,27.636330301609412,272.1578710482329,6.290292117804178
756,23.48467518290057,225.22149224820518,6.7213617636550955
757,25.88839639646687,252.8390854707178,6.460580000370382
758,23.343496377984426,227.56241157057713,6.908287681882764
759,25.443300166353083,253.02349336527473,6.382355324469521
760,27.760988863476992,268.2969004633406,6.483084863897657
761,31.541448533315123,312.49414342103717,6.037480683238947
762,25.05044082590859,250.3769803525733,6.676511507632925
763,30.824202513012132,299.7191486317096,5.607281262302865
764,28.25730668607095,280.39970629062077,6.654537406846547
765,30.42824901936302,297.84052948420964,6.018070980941622
766,24.56844242835484,240.21398543876205,7.002450257118458
767,20.72878449285424,201.75782408666706,7.370358699300857
768,24.09151978055105,235.2186911733861,7.028532986244327
769,23.61365891719617,227.27091515870362,6.938454466635886
770,25.810262570662,258.7622113988192,7.033887775392431
771,25.54607748329592,251.87223004358654,6.416927716492961
772,24.1660348815978,236.94240887503693,6.766009008521023
773,19.055334370279702,183.88158041169137,7.343138440389853
774,28.197333424050882,277.0257824694698,6.1990695679675465
775,22.535929633031373,225.35332766443742,6.924812089973445
776,22.066506320580594,210.55579798942725,7.251708630331975
777,20.57001345941376,198.2842529703339,7.7958904611029345
778,25.672326067247216,247.05431479363537,6.528945882627548
779,26.05396926832431,257.0260682969665,6.60095720041799
780,23.237667246707442,227.98226919627623,6.867485065108022
781,26.112565005401592,254.86476724254496,6.581232841620422
782,23.264455338796335,229.00672760983133,7.347148687196377
783,24.774905628656292,240.22403910612488,6.889560756779471
784,23.91091012771126,236.82726673075797,6.848139828475176
785,26.836154198551263,267.6425728227801,6.369928722498237
786,27.551574597174344,264.4878890326852,6.360139734003681
787,20.59224579636638,200.99539421271822,7.128596559365906
788,25.3054836760668,252.39410664110403,6.873152455634481
789,22.354361303688144,217.6624401428484,7.128609739562361
790,27.95078057276729,270.73808836465895,6.160893234906746
791,31.81380511207316,309.56401542335465,5.996803464186305
792,26.303542010153343,253.49199206618198,6.525126920665239
793,27.392010263567613,269.1948029463982,6.406668695858311
794,27.082655947017695,257.3497547099747,6.31195150394467
795,24.060502373155224,237.9586030355321,6.624035999193714
796,28.041656767662737,273.84335904472937,6.26921112268995
797,26.73747441312923,260.0628726731257,6.406417217552287
798,22.27500975230652,217.4755214341642,7.170933494204762
799,24.949470713543928,251.36756076568315,6.473278130661174
800,22.491549351769216,221.4664967781606,7.164319988099094
801,19.861164774056117,198.29426712372162,7.760876438142515
802,26.418318943611123,259.9207602563677,6.68310401891543
803,30.001904071820924,289.9617669650225,6.396009160962101
804,31.141206672959335,304.8720169504607,5.8735731200368555
805,26.479015222970077,258.9336483655589,6.326683905594553
806,16.73277424083289,168.10816630345974,7.987108603601156
807,20.013768852074065,193.18725921476033,7.596098402360104
808,16.09884655978355,157.22947729392595,8.160392084853717
809,22.807299669179866,227.11040148997145,7.6182812085672715
810,23.33875365733262,230.59847761999697,6.903160419359053
811,22.349753181733924,221.94196274681687,7.005744887635028
812,26.40485339272673,255.34651514077882,6.5556066896015155
813,26.777025071226802,261.8807773731474,6.421806300076012
814,23.01144323273457,221.45632001366423,7.440479285201658
815,26.20563264038719,257.17343975818665,6.391005882865865
816,26.99314573207254,266.84659260186965,6.389376394317642
817,27.97590613389556,269.8308830198411,5.862065257446565
818,22.415042982466996,212.19592580012974,7.242032638951381
819,26.100205259168984,258.50076887583384,6.071933988329814
820,24.869600670340095,243.74103325298643,6.755522975103145
821,21.52063535883989,215.47555013006362,7.222974867322627
822,24.62447109540298,243.85998005283406,6.809782053660479
823,26.63726953408262,261.49348856438615,6.611712681932351
824,24.723020241026152,246.6410194553014,6.619772266298471
825,20.79056466708883,207.8903682079108,7.5160273791858465
826,27.96159422852977,271.93920818825836,6.209997576211559
827,20.87622310815309,202.7791894951564,7.3729485293888
828,25.149943909657424,246.92569432162804,6.50249930735544
829,25.375940964209455,251.37046857978243,6.749678831584693
830,26.964374520406693,259.0423065208578,6.413101798255252
831,22.757404290815764,222.54525150516145,7.134907962275026
832,21.42952501070865,204.01886918197593,6.995500229254154
833,25.068258948398228,241.2258155495217,6.724864222287978
834,21.69528261442853,212.10956592775395,7.1657031199630845
835,17.5872747051676,169.64115945840786,7.871239088583997
836,27.387330869387437,258.795457368952,6.482762928176867
837,24.38658438202345,237.80069253100865,7.346749399781433
838,28.57727216125498,282.31184045966467,6.089553893338268
839,31.564944070963957,312.98653957369373,5.843354193570275
840,16.756216043179645,165.78322326912954,7.924782948645507
841,22.922942658868514,220.28450919822004,7.227209227036371
842,18.560331882640234,185.75019714647212,7.96999623360316
843,20.160216817500928,197.37862338082525,7.498019924757126
844,21.36206347515399,207.6571638381546,7.353157039416841
845,22.42002424298917,215.02978622759923,7.009688935430368
846,18.334689794399637,176.9718322274443,7.93020456584542
847,27.07717924062607,266.77934283814193,6.722795344441337
848,25.330138510502103,251.75445337043067,6.530137623958487
849,32.30142784748216,313.16543089653936,5.661829470929513
850,20.624001448045707,201.21403845891,7.364166075399211
851,26.421890229812128,263.6929229140693,6.56037505945033
852,24.693080502125632,244.25528098316337,6.723904117705756
853,29.9292116508147,295.7206161571822,6.077255001908862
854,25.46813912881961,253.47571311924477,6.7878304604310795
855,26.26622123380298,257.2808351124566,6.563363267168603
856,30.3157600301467,293.66944065976594,5.720180003092151
857,27.159819473678553,263.9414391640045,6.577586718417254
858,27.7741007485358,273.2061269344792,6.518745355715914
859,29.86266246742889,293.1008896140625,6.255857083752663
860,27.61938860407677,270.5980302713335,6.283209617587184
861,29.00063609774508,280.4788027502649,6.213879164220734
862,19.982547060356918,191.72948035144034,7.735020763291942
863,26.07286836009399,253.80345605621065,6.459580141056562
864,26.15079521442685,255.81322090035206,6.502647821072588
865,21.302928970653625,209.55299156776664,7.401468209541279
866,22.802289125176966,223.73100333339966,7.45569373798789
867,19.215347921769336,187.96562108764422,7.811439467143424
868,14.578757274862738,140.98907351174242,8.594576891996622
869,0.7879900325209235,7.670713429324926,14.879655482632083
870,0.0,2.240697720898287,15.041474506875025
871,0.0,-2.3005606024941976,14.845359436414885
872,21.124701418938926,204.10484887764645,7.416133058447716
873,25.19594534625767,243.10780801115556,6.630232353376174
874,22.395267757275697,225.9666212649249,6.9991788521011165
875,21.295359131935157,207.32159795056822,7.010410376722523
876,25.431156065218403,247.5776342053366,6.987048663660061
877,18.690916757617956,183.83985225955354,7.6122391817039325
878,25.566939931054204,254.61025376290132,6.631548817609032
879,23.08283502660374,225.89148500268945,7.190487449869659
880,26.66663110546268,257.4617131557352,6.546530626833596
881,28.597327305115094,279.4999927789163,6.057852828455487
882,22.52410100738413,227.15010378779044,7.054603568608052
883,26.81132989763878,263.9515914794307,6.321733404399913
884,27.786897497775154,274.77800211730636,6.322420489648402
885,26.04999587723013,257.9829068916425,6.51918294447353
886,30.094304807524,295.7107023707392,6.304917488972353
887,20.978115327239724,213.9279570668267,7.702807978782429
888,24.210614522389445,236.06903465812763,6.855594418778868
889,25.0082177824748,240.2235097293397,6.694700123913724
890,27.53940517737956,271.3636701946702,6.082373177273197
891,26.69059394197812,261.8149831691991,6.7349575758513565
892,25.387074610332856,251.24868831799023,6.4034516968512865
893,23.241203926332293,230.57314411408623,6.991982708806876
894,21.08423795647159,207.6151418443154,7.491229340221037
895,20.18759298961605,193.4582333258994,7.498322997647832
896,21.48059968810346,208.4275205538652,7.216810393821169
897,25.04949379259102,241.92724839146166,6.41596285106148
898,22.951773908231985,232.01715961782992,7.2534532182123606
899,23.95208332181868,230.72052733828028,6.588978868655804
900,20.003374413744336,195.52680434987383,7.489933645630912
901,18.932069376091412,181.72435061211004,7.980435509334336
902,27.131525978612036,267.6666905919278,6.451893464308757
903,26.57288831920263,261.46882050996516,6.623176507932194
904,24.752515791703264,243.27169357087286,6.449008682391781
905,24.309646469971863,237.5577022297886,6.539416949707069
906,23.742570976714408,230.74307422427898,7.158912551283733
907,17.306585046823248,168.09428869732685,8.081591257051095
908,25.898495350224042,254.66961748519893,6.8007405567986385
909,25.586096252213732,249.90134919749372,6.711021260511036
910,28.14314547849035,275.6727979379278,6.227682606494915
911,16.868377334554317,173.06186858863694,8.03564064522466
912,24.55953384463543,237.70907347481784,6.599844104946355
913,22.028481379207644,218.85156268155245,7.42627552884829
914,29.931500251930245,286.3792603512856,6.149827230817845
915,32.46412054069166,315.75249648497044,6.015331205577044
916,29.085335221424106,282.34464143895383,6.1252179872015695
917,24.94692542205449,243.77014420981715,6.680354875389746
918,27.233345512215603,271.125026541232,6.372946311083512
919,24.190154740284292,234.69633436167254,6.834548539739845
920,27.34331556915818,268.6311665594928,6.470399629522482
921,23.212978206803495,223.9518826187885,7.01879000942863
922,24.540084687658094,239.2813369670577,6.769877003703281
923,27.61102985661553,276.88483586361616,6.4563834106802505
924,20.166335285789444,199.06257825380803,7.339280154109245
925,25.25625682636048,249.38412959474385,6.9999258298881815
926,22.273260681827438,216.14173629394259,7.0289820585346625
927,26.152290215574926,255.0545465804942,6.540509996929116
928,23.871042388038592,230.72172512445368,6.814823078620313
929,27.823511139565074,274.1433109327008,6.562814834015083
930,25.071557835815124,246.71746327719367,6.8659677637554815
931,20.417153925056155,202.59028303704054,7.723621696798735
932,20.46437166503869,195.81313607176332,7.490669778623259
933,24.94820092749373,246.05297093175733,6.693456403540835
934,22.628827563909507,223.95012248334277,6.991768256042923
935,25.163858398018796,248.3653574400213,6.416433152137463
936,20.18261064395317,199.5986516096451,7.521829993760485
937,20.790405411447544,199.15327753233686,7.336905292619695
938,25.9793476303556,256.7261823284411,6.434376886697996
939,24.996014367618706,249.13597983761676,6.704163622717955
940,20.816486597372815,200.21625652603313,7.168303694171025
941,19.09219729654397,185.20801312371228,7.603143599710709
942,22.77065051397508,215.85157013493804,6.796331125615219
943,24.57604630082112,243.2862293251554,6.845088938510495
944,21.456689170078988,205.66905839143513,7.353351734279909
945,29.837817349363313,291.9374672486911,6.047133551797928
946,25.937946417156237,257.57250053985086,6.6453945467141535
947,28.638285155547273,279.9546869045235,6.479841812978592
948,29.117776191230398,283.10395850279406,6.387438610588762
949,30.487999755987254,295.4480754002579,5.745269141430087
950,30.708794786777904,300.59812006664595,6.183946045528571
951,25.69019296093151,253.33977527097463,6.579054241661879
952,33.48435878838269,332.7163859960752,5.693543640181892
953,30.276937850809144,299.59136815078796,5.895430853733224
954,25.245796994807435,246.0714702927568,6.714322249329853
955,18.914625966947455,188.34815495184415,7.6611947000565355
956,24.311942790518348,237.5693441374169,6.926205482922461
957,24.189186919370524,234.18580493389132,6.7671459516187245
958,27.288953920205696,266.33460613359404,6.231089437601243
959,23.894262168953205,234.9008355727453,7.099331248246566
960,24.43838933890311,237.7535120858535,6.894979449234191
961,27.93143544140204,271.18828643099584,6.201550361225735
962,24.409968572814737,235.3749719404739,6.7693119375706
963,24.807843952220193,242.94490121562583,6.561664098860284
964,23.091671863611282,218.57534194801644,6.923072466699063
965,18.77922899718546,186.10372365868577,7.569255144818749
966,23.473449474302157,226.24379892181832,6.626026794633395
967,23.244220034220156,232.12661755548592,6.846133100584116
968,23.897156514833988,232.04043694084342,7.054380091831175
969,18.18352405885018,179.6045592557634,7.764750434445081
970,20.72421415539384,202.42188146214104,7.384824661287837
971,23.31917942122418,233.50847456704616,7.135175826265278
972,21.480489164217797,212.42103694064295,7.4417219380063
973,24.328138569066876,241.9446192985044,7.058874193146612
974,24.181648660029897,238.1324875222911,6.942999799645708
975,25.797486191377377,252.96197322831847,6.82991391705246
976,26.62752380696331,258.35764343701715,6.045459562237169
977,32.868746168951645,327.2542185316029,6.042945834799334
978,26.51156542448535,263.96503760623443,6.343609609835259
979,27.809199242133186,273.5338045992485,6.2235343085196355
980,30.061067807020777,290.2469328493419,6.088894864245354
981,32.934046161513216,319.9889643041203,5.701820778490873
982,30.768748867156827,302.749521202726,5.888341447036156
983,23.016568713278858,228.30576754212416,6.928455094137318
984,23.815997729514955,234.8195685993923,6.603626916105517
985,26.390807258424218,265.6172266499726,6.486892401653896
986,29.678123462221738,295.8305436129365,5.892758427945969
987,23.294461056819163,228.75240593748342,7.048682917003078
988,30.285914574518383,298.41491886675055,5.935230222859166
989,25.215574461112947,246.48627288314734,6.611552004596357
990,22.168240752682014,218.65774516596687,7.076832958825093
991,21.726830677502402,216.14900580106163,7.1178406795654325
992,21.138741348742485,204.58541806003595,7.182786355969454
993,23.87273863930767,231.2175698033177,6.961196779852967
994,24.84788596284364,245.13997029517355,6.641833203165827
995,20.691015012625698,204.9101250501331,7.309088699742864
996,22.260266839318156,222.16440776729206,7.142294547830106
997,21.718623479278076,207.72031046027158,7.342187158670528
998,24.309524081582232,236.25894185561845,6.82568426627834
999,17.685375910295853,176.07377923530046,7.873350786741307
